{"cameraMode":{"drawMode":0,"name":"Shaded","section":"Shading Mode"},"sceneLighting":true,"audioPlay":false,"sceneViewState":{"showFog":true,"showMaterialUpdate":false,"showSkybox":true,"showFlares":true,"showImageEffects":true,"showParticleSystems":true},"in2DMode":false,"pivot":{"x":-0.805195152759552,"y":-0.036487631499767306,"z":-0.845643162727356},"rotation":{"x":-0.08420102298259735,"y":-0.014351379126310349,"z":0.0012129036476835609,"w":-0.9963445663452148},"size":4512.78564453125,"orthographic":false}